{
	"asset" : {
		"version" : "1.0"
	},
	"properties" : {
		"model_id" : {
			"minimum" : 494762148,
			"maximum" : 1141042655
		},
		"pid" : {},
		"name" : {},
		"party_type" : {},
		"id_number" : {},
		"address" : {},
		"phone" : {},
		"email" : {},
		"group_name" : {},
		"uid" : {},
		"type" : {},
		"status" : {},
		"registration_date" : {},
		"category" : {},
		"ownership_type" : {},
		"rrr_id" : {},
		"rrr_type" : {},
		"suid" : {},
		"vertical_extent" : {}
	},
	"geometricError" : 206.308695377975,
	"root" : {
		"boundingVolume" : {
			"region" : [ 1.7779140712876256, 0.04212822585840569, 1.7780586580927573, 0.04222032316376214, -4.495636, 39.71447 ]
		},
		"geometricError" : 206.308695377975,
		"refine" : "REPLACE",
		"content" : {
			"boundingVolume" : {
				"region" : [ 1.7779917528606224, 0.042129186064444143, 1.7780522227147806, 0.04222032316376214, -4.495636, 39.71447 ]
			},
			"uri" : "data/data14.b3dm"
		},
		"children" : [
			{
				"boundingVolume" : {
					"region" : [ 1.7779863646901914, 0.042172418284497776, 1.7780586580927573, 0.04222032316376214, -3.320442, 39.71447 ]
				},
				"geometricError" : 206.30859575386566,
				"refine" : "REPLACE",
				"content" : {
					"boundingVolume" : {
						"region" : [ 1.778001719061427, 0.042172418284497776, 1.7780562229723007, 0.04222032316376214, -3.320442, 39.71447 ]
					},
					"uri" : "data/data4.b3dm"
				},
				"children" : [
					{
						"boundingVolume" : {
							"region" : [ 1.7780198478472367, 0.04219582380199548, 1.7780586580927573, 0.04222032316376214, -3.17347, 39.71447 ]
						},
						"geometricError" : 0,
						"refine" : "REPLACE",
						"content" : {
							"boundingVolume" : {
								"region" : [ 1.7780198478472367, 0.04219582380199548, 1.7780522227147806, 0.04222032316376214, -3.17347, 39.71447 ]
							},
							"uri" : "data/data0.b3dm"
						},
						"children" : []
					},
					{
						"boundingVolume" : {
							"region" : [ 1.7779863646901914, 0.04219729883742303, 1.7780232699744487, 0.04222032316376214, -2.836006, 9.227311 ]
						},
						"geometricError" : 0,
						"refine" : "REPLACE",
						"content" : {
							"boundingVolume" : {
								"region" : [ 1.7780065506361011, 0.04219842657919225, 1.7780232699744487, 0.04220259627156773, -2.836006, 9.227311 ]
							},
							"uri" : "data/data1.b3dm"
						},
						"children" : []
					},
					{
						"boundingVolume" : {
							"region" : [ 1.7780217973453452, 0.042173329206166746, 1.7780586580927573, 0.042197650979889825, -3.320442, 9.235123 ]
						},
						"geometricError" : 0,
						"refine" : "REPLACE",
						"content" : {
							"boundingVolume" : {
								"region" : [ 1.7780217973453452, 0.042173329206166746, 1.7780586580927573, 0.042197650979889825, -3.320442, 9.235123 ]
							},
							"uri" : "data/data2.b3dm"
						},
						"children" : []
					},
					{
						"boundingVolume" : {
							"region" : [ 1.7779863646901914, 0.042172418284497776, 1.778023210548701, 0.04219818389968561, -3.205658, 9.334588 ]
						},
						"geometricError" : 0,
						"refine" : "REPLACE",
						"content" : {
							"boundingVolume" : {
								"region" : [ 1.7779984591183688, 0.042172418284497776, 1.778023210548701, 0.04219818389968561, -3.205658, 9.334588 ]
							},
							"uri" : "data/data3.b3dm"
						},
						"children" : []
					}
				]
			},
			{
				"boundingVolume" : {
					"region" : [ 1.7779863646901914, 0.04212822585840569, 1.7780586580927573, 0.042174274511083916, -4.533417, 15.15927 ]
				},
				"geometricError" : 45.59241147783112,
				"refine" : "REPLACE",
				"content" : {
					"boundingVolume" : {
						"region" : [ 1.7779917528606224, 0.04212822585840569, 1.778044691825564, 0.04217383742912802, -4.533417, 15.15927 ]
					},
					"uri" : "data/data9.b3dm"
				},
				"children" : [
					{
						"boundingVolume" : {
							"region" : [ 1.7780225113914743, 0.0421484657859085, 1.7780586580927573, 0.04217501572294194, -3.984497, 8.709786 ]
						},
						"geometricError" : 0,
						"refine" : "REPLACE",
						"content" : {
							"boundingVolume" : {
								"region" : [ 1.7780226672408566, 0.0421484657859085, 1.778044691825564, 0.04217501572294194, -3.984497, 8.709786 ]
							},
							"uri" : "data/data5.b3dm"
						},
						"children" : []
					},
					{
						"boundingVolume" : {
							"region" : [ 1.7779863646901914, 0.042150050356438956, 1.7780225113914743, 0.04217457083628362, -3.834595, 15.15927 ]
						},
						"geometricError" : 0,
						"refine" : "REPLACE",
						"content" : {
							"boundingVolume" : {
								"region" : [ 1.7779917528606224, 0.042150050356438956, 1.7780213500955608, 0.04217457083628362, -3.834595, 15.15927 ]
							},
							"uri" : "data/data6.b3dm"
						},
						"children" : []
					},
					{
						"boundingVolume" : {
							"region" : [ 1.778021667992991, 0.04212822585840569, 1.7780586580927573, 0.04215126373955361, -4.345673, 8.081025 ]
						},
						"geometricError" : 0,
						"refine" : "REPLACE",
						"content" : {
							"boundingVolume" : {
								"region" : [ 1.778021667992991, 0.0421361747979386, 1.7780435859965047, 0.04215126373955361, -4.345673, 8.081025 ]
							},
							"uri" : "data/data7.b3dm"
						},
						"children" : []
					},
					{
						"boundingVolume" : {
							"region" : [ 1.7779854868372202, 0.04212822585840569, 1.7780235441281522, 0.04215252825338725, -4.533417, 8.303551 ]
						},
						"geometricError" : 0,
						"refine" : "REPLACE",
						"content" : {
							"boundingVolume" : {
								"region" : [ 1.7779854868372202, 0.04212822585840569, 1.7780235441281522, 0.04215252825338725, -4.533417, 8.303551 ]
							},
							"uri" : "data/data8.b3dm"
						},
						"children" : []
					}
				]
			},
			{
				"boundingVolume" : {
					"region" : [ 1.7779140712876256, 0.04212822585840569, 1.7779863646901914, 0.042174274511083916, -4.289436, 8.278458 ]
				},
				"geometricError" : 25.169561572374672,
				"refine" : "REPLACE",
				"content" : {
					"boundingVolume" : {
						"region" : [ 1.7779140712876256, 0.04213912228344519, 1.777979210334049, 0.04216241340270163, -4.289436, 8.278458 ]
					},
					"uri" : "data/data13.b3dm"
				},
				"children" : [
					{
						"boundingVolume" : {
							"region" : [ 1.7779140712876256, 0.042151250184744804, 1.7779502179889084, 0.042174274511083916, -4.06517, 12.494297 ]
						},
						"geometricError" : 0,
						"refine" : "REPLACE",
						"content" : {
							"boundingVolume" : {
								"region" : [ 1.7779157307941766, 0.04215175264191632, 1.7779342546059205, 0.04216241340270163, -4.06517, 12.494297 ]
							},
							"uri" : "data/data10.b3dm"
						},
						"children" : []
					},
					{
						"boundingVolume" : {
							"region" : [ 1.7779502179889084, 0.04212822585840569, 1.7779863646901914, 0.042151250184744804, -4.057663, 8.176629 ]
						},
						"geometricError" : 0,
						"refine" : "REPLACE",
						"content" : {
							"boundingVolume" : {
								"region" : [ 1.7779507485935218, 0.042135844207050605, 1.7779852510096374, 0.042142864604561195, -4.057663, 8.176629 ]
							},
							"uri" : "data/data11.b3dm"
						},
						"children" : []
					},
					{
						"boundingVolume" : {
							"region" : [ 1.7779140712876256, 0.04212822585840569, 1.77795056866491, 0.04215172096139789, -4.289436, 8.157952 ]
						},
						"geometricError" : 0,
						"refine" : "REPLACE",
						"content" : {
							"boundingVolume" : {
								"region" : [ 1.7779140712876256, 0.042137750520571025, 1.77795056866491, 0.04215172096139789, -4.289436, 8.157952 ]
							},
							"uri" : "data/data12.b3dm"
						},
						"children" : []
					}
				]
			}
		]
	}
}